Post URL,Account,Views,Likes,Comments,Shares,Caption,Hashtags,Date posted,Date Collected
https://www.tiktok.com/@jaadiee/video/6865297338781519110,jaadiee,59600000,9700000,62100,186900,Grateful Gramps üë¥üèªüíõ #gramps #opa #streetwear #fashion #drake #mode #makeover,#gramps #opa #streetwear #fashion #drake #mode #makeover,8/26/2020,04/20/2023
https://www.tiktok.com/@deannagiulietti/video/6916914133887716613,deannagiulietti,44200000,8000000,15500,12900,She is righting her wrongs. #ootd #gown #dress #designer #love #laugh #comedy #jokes #happy #model #happy #goodvibes  #fashion,#ootd #gown #dress #designer #love #laugh #comedy #jokes #happy #model #happy #goodvibes #fashion,1/12/2021,04/20/2023
https://www.tiktok.com/@crescentshay/video/6930038872109812998,crescentshay,34200000,7800000,70600,50900,"üê∏ making a frog dress üê∏ (this is part 1, the base dress. part 2 will have the coat!) #frogtok #fashion #diy #frog",#frogtok #fashion #diy #frog,2/17/2021,04/20/2023
https://www.tiktok.com/@nickelodeon/video/6939314340780625158,nickelodeon,56700000,9700000,99600,179300,slime looks good on ya @charlidamelio üíö #kca #slime #charlidamelio #surprise #fashion #slimed,#kca #slime #charlidamelio #surprise #fashion #slimed,3/14/2021,04/20/2023
https://www.tiktok.com/@ceci.monge/video/6964798580116688134,ceci.monge,23100000,6500000,119900,82100,Ouch @converse #internship #design #smalldesigner #plzstopstealing #fashion #TWDSurvivalChallenge #fyp,#internship #design #smalldesigner #plzstopstealing #fashion #twdsurvivalchallenge #fyp,5/21/2021,04/20/2023
https://www.tiktok.com/@mood_m1221/video/6978365096766508294,mood_m1221,36900000,6600000,151500,119900,"The sad thing about the fashion runway, this girl sufferedüòî #runway #sadgirl #sad #model #foryou #supermodel #design #pfw #fashion",#runway #sadgirl #sad #model #foryou #supermodel #design #pfw #fashion,6/27/2021,04/20/2023
https://www.tiktok.com/@dymon98/video/6994074972683603205,dymon98,19300000,6000000,79600,83600,Why be like everyone else? #haircut  #fypage #fashion #glowup,#haircut #fypage #fashion #glowup,8/8/2021,04/20/2023
https://www.tiktok.com/@_valentinemoon_/video/7017520592807103749,_valentinemoon_,94400000,12400000,77300,82000,Thank you sm for letting me know  my videos are being stolen! I have reported them so hopefully they get taken down ‚ù§Ô∏è #disney #sewing #fashion #diy,#disney #sewing #fashion #diy,10/10/2021,04/20/2023
https://www.tiktok.com/@vivacious.honey/video/7029001518082936111,vivacious.honey,55300000,6100000,16300,34900,Team DAY or NIGHT? ‚òÄÔ∏èüåô OUTFITS ON MY LTK ‚ÄºÔ∏è #fyp #foryou #fashiontok #inspo #aesthetic #fashion #ootd #outfit #style #fallfashion #winterfashion,#fyp #foryou #fashiontok #inspo #aesthetic #fashion #ootd #outfit #style #fallfashion #winterfashion,11/10/2021,04/20/2023
https://www.tiktok.com/@farrisfilms/video/7082392210632723754,farrisfilms,41100000,6300000,34700,30200,You barely get wet on this ride üòê @thatstraightfaceguy #fyp #foryou #AFairShotWithBlock #fashion #lifeadvice,#fyp #foryou #afairshotwithblock #fashion #lifeadvice,4/3/2022,04/20/2023
https://www.tiktok.com/@coristrike/video/7127803333208968494,coristrike,28200000,6300000,43100,59600,@rachleahx is gonna eat this up üíÄ#PostitAffirmations #fashion #ootd #styling #thneed,#postitaffirmations #fashion #ootd #styling #thneed,8/3/2022,04/20/2023
https://www.tiktok.com/@gioz111/video/7130344602581650693,gioz111,65700000,10000000,12300,12400,Cruella hace un vestido con capullos de polillas #parati #cruella #polilla #dress #fashion #disney #dise√±odemoda #emmastone,#parati #cruella #polilla #dress #fashion #disney #dise√±odemoda #emmastone,8/10/2022,04/20/2023
https://www.tiktok.com/@iconic_modelss/video/7148142149866097926,iconic_modelss,29000000,6300000,16700,13500,Schiaparelli by Daniel Roseberry | #schiaparelli #danielroseberry #fashion ,#schiaparelli #danielroseberry #fashion,9/27/2022,04/20/2023
https://www.tiktok.com/@jaadiee/video/7198199504405843205,jaadiee,105300000,14600000,116300,338200,Replying to @Big T. Styling the Big Red Boot üÖ±Ô∏èü•µüë¥üèª #gramps #bigredboot #mschf #streetwear #fashion #styling #outfit #astroboy ,#gramps #bigredboot #mschf #streetwear #fashion #styling #outfit #astroboy,2/9/2023,04/20/2023
https://www.tiktok.com/@jaadiee/video/7199683549602073862,jaadiee,43800000,8700000,75900,242200,Ready for their date ü•πüíê  #grwm #valentinesday #vday #date #gramps #grandparents #fashion #streetwear #style ,#grwm #valentinesday #vday #date #gramps #grandparents #fashion #streetwear #style,2/13/2023,04/20/2023
https://www.tiktok.com/@hahahallberg/video/7204888387323530501,hahahallberg,115600000,8600000,31000,57800,@AVAVAV Fashion Show  #milanfashionweek #fail #fashionfail #fashionweek #funny #lol #fashion ,#milanfashionweek #fail #fashionfail #fashionweek #funny #lol #fashion,2/27/2023,04/20/2023
https://www.tiktok.com/@sh1ryinyin/video/6847003743809015046,sh1ryinyin,43700000,5900000,72600,272000,Take me back to Chinaüò´ #fashion #streetwear #xyzbca,#fashion #streetwear #xyzbca,7/8/2020,04/20/2023
https://www.tiktok.com/@nuisance.clo/video/6928949725936864518,nuisance.clo,27500000,4400000,13100,87300,How do you guys like this embroidery design?? #smallbusiness #fyp #streetwear #embroideredsweatshirt,#smallbusiness #fyp #streetwear #embroideredsweatshirt,2/14/2021,04/20/2023
https://www.tiktok.com/@apaullo/video/6936620009359789317,apaullo,603700,133000,5898,925,#ootd #fatboy #driptok  #fyp #stussy #ald #uniqlo #fashion #streetwear #JesusIsKing #JesusIsLord,#ootd #fatboy #driptok #fyp #stussy #ald #uniqlo #fashion #streetwear #jesusisking #jesusislord,3/6/2021,04/20/2023
https://www.tiktok.com/@originalparadigms/video/6937489463174089989,originalparadigms,386500,47900,296,2007,#fyp #foryou #summeroutfits #styletips #streetwear #fashion #summer #style #fashion2021 #hypebeasts #hype #y2k,#fyp #foryou #summeroutfits #styletips #streetwear #fashion #summer #style #fashion2021 #hypebeasts #hype #y2k,3/9/2021,04/20/2023
https://www.tiktok.com/@fiorella.del/video/6937789996942314758,fiorella.del,1100000,80100,1339,1391,Which one ? üò´ ib: @nathns #outfitideas #outfitinspo #fashiontiktok #streetwear,#outfitideas #outfitinspo #fashiontiktok #streetwear,3/9/2021,04/20/2023
https://www.tiktok.com/@aislinnmcinerney/video/6939038297025039621,aislinnmcinerney,21600000,3500000,27500,112300,#YesDayChallenge #shoppinghaul #twilight #ronaldo #streetwear #juventus #musicaltheatre #gta #gta5 #sabiasque #beautyhack #ontherunway #fyp,#yesdaychallenge #shoppinghaul #twilight #ronaldo #streetwear #juventus #musicaltheatre #gta #gta5 #sabiasque #beautyhack #ontherunway #fyp,3/13/2021,04/20/2023
https://www.tiktok.com/@jaadiee/video/6953611648003329286,jaadiee,18400000,2900000,23700,30700,Better late than never üë¥üèª #gramps #opa #streetwear #fashion #drake,#gramps #opa #streetwear #fashion #drake,4/21/2021,04/20/2023
https://www.tiktok.com/@whatwedoisexclusive_/video/6988619445879049477,whatwedoisexclusive_,12800000,3000000,8623,43700,A simple follow will mean everything üôèüèæ‚ù§Ô∏è #fyp #streetwear #foryou #embroidery #streetfashion #customfitted #foryoupage #smallbusiness,#fyp #streetwear #foryou #embroidery #streetfashion #customfitted #foryoupage #smallbusiness,7/24/2021,04/20/2023
https://www.tiktok.com/@_jordangonz01/video/7042718167147531526,_jordangonz01,23900000,3400000,3101,28000,BEST COLOR COMBOS üé® #streetwear #streetfashion #streetfashion #colorcombos,#streetwear #streetfashion #streetfashion #colorcombos,12/17/2021,04/20/2023
https://www.tiktok.com/@derschutze/video/7103228656369061125,derschutze,15100000,3100000,4772,5842,next release 30 May 6PM CEST #fyp #foryou #varsity #embroidery #streetwear #fashion #clothingbrand #fy,#fyp #foryou #varsity #embroidery #streetwear #fashion #clothingbrand #fy,5/29/2022,04/20/2023
https://www.tiktok.com/@street_vibes90/video/7121594823655574810,street_vibes90,33800000,3000000,29100,44600,#streetstyle #streetwear #streetfashion #chinesestreetfashion #TeamUSATryout #fyp„Ç∑,#streetstyle #streetwear #streetfashion #chinesestreetfashion #teamusatryout #fyp„Ç∑,7/18/2022,04/20/2023
https://www.tiktok.com/@jaadiee/video/7197455788917460229,jaadiee,27800000,3500000,6947,22700,Unboxing something crazy üëÄüÖ±Ô∏è #unboxing #streetwear #fashion #mschf @mschf #bigredboot ,#unboxing #streetwear #fashion #mschf #bigredboot,2/7/2023,04/20/2023
https://www.tiktok.com/@jaadiee/video/7205620682871377158,jaadiee,20500000,3100000,13200,9153,Replying to @Dgang here you go üåäüíñ #Gramps #styling #diorb31 #fashion #streetwear #outfit #dior #grwm ,#gramps #styling #diorb31 #fashion #streetwear #outfit #dior #grwm,3/1/2023,04/20/2023
https://www.tiktok.com/@blvk_star/video/7133312265285160197,blvk_star,5000000,458100,749,6700,Soft boy üíö rate the fit üòÄ #ootd #outfitideas #softboy #style #tiktokfashion #dinner #fyp„Ç∑,#ootd #outfitideas #softboy #style #tiktokfashion #dinner #fyp„Ç∑,8/18/2022,04/20/2023
https://www.tiktok.com/@goonza_costa/video/7137076768522931499,goonza_costa,636300,16400,146,111,De que pa√≠s me siguen y  Cu√°l prefieren? üëãü§ù los leo #fyp #foryoupage #parati #ootd #viral #foryou ,#fyp #foryoupage #parati #ootd #viral #foryou,8/28/2022,04/20/2023
https://www.tiktok.com/@lina.noory/video/7137130162512039211,lina.noory,878100,24800,266,589,How To Transition Your Summer Dresses To Fall Looks Pt. I üí´ Fashion Hack: You‚Äôll learn how to style your dresses in a whole new way!  Versatility is everything ‚ú® #fyp #grwm #ootd #fashionhacks #outfit #styletips #fashioninspo #beautytips #fashiontiktok #fitcheck #todayslook #outfitideas #styletok #foryou #ootd #fashion #fashionhack,#fyp #grwm #ootd #fashionhacks #outfit #styletips #fashioninspo #beautytips #fashiontiktok #fitcheck #todayslook #outfitideas #styletok #foryou #ootd #fashion #fashionhack,8/29/2022,04/20/2023
https://www.tiktok.com/@jadongrundy/video/7137746541241994538,jadongrundy,1400000,165100,1404,1732,How To Wear the YEEZY GAP BALENCIAGA Dove Hoodie #yeezy #kanye #kanyewest #balenciaga #grwm #getreadywithme #OOTD #mensfashion #style #mensstyle #fyp #foryoupage,#yeezy #kanye #kanyewest #balenciaga #grwm #getreadywithme #ootd #mensfashion #style #mensstyle #fyp #foryoupage,8/30/2022,04/20/2023
https://www.tiktok.com/@danielgrantm/video/7138489471082712325,danielgrantm,1700000,151600,411,785,a classic ngl who wants more parts? #fyp #sneakers #reseller #ootd #manifestation  ,#fyp #sneakers #reseller #ootd #manifestation,9/1/2022,04/20/2023
https://www.tiktok.com/@jonathan.kirby/video/7138811351228632366,jonathan.kirby,1900000,173900,1297,4147,lil inspiration for ya #outfitideas #ootd ,#outfitideas #ootd,9/2/2022,04/20/2023
https://www.tiktok.com/@drew_baebe/video/7138832023644294442,drew_baebe,820100,134100,1430,1952,GRWM LAYERING ü©≥ üëñ LOOK #grwm #ootd #fashion #inspiration #meninheels #fyp #fyp„Ç∑ #layering #fallfashion ,#grwm #ootd #fashion #inspiration #meninheels #fyp #fyp„Ç∑ #layering #fallfashion,9/2/2022,04/20/2023
https://www.tiktok.com/@aracelitoscanoh/video/7138964947920309550,aracelitoscanoh,853200,242200,1373,336,I didn‚Äôt realize the girls were peeking through üíÄ #ootd #plussize #selflove #bodyconfidence #putiton #plussizefashion #transformation #bodypositivity ,#ootd #plussize #selflove #bodyconfidence #putiton #plussizefashion #transformation #bodypositivity,9/3/2022,04/20/2023
https://www.tiktok.com/@danyelleeee/video/7138969798477712683,danyelleeee,1700000,105000,722,1630,Date Night outfit inspo #fashiontiktok #datenight #ootd #plussiezefashion #ootn #midsizestyle @Adore Me,#fashiontiktok #datenight #ootd #plussiezefashion #ootn #midsizestyle,9/3/2022,04/20/2023
https://www.tiktok.com/@rivcaz/video/7139243916871748870,rivcaz,190200,14200,108,35,Para el shopping siempre hay q estar comodas! #fyp„Ç∑ #ootd #grwm #shopping #nyc,#fyp„Ç∑ #ootd #grwm #shopping #nyc,9/3/2022,04/20/2023
https://www.tiktok.com/@laurenwolfe/video/7141023711468997931,laurenwolfe,1500000,220400,192,217,Obsessed with my hair & going to try to recreate it in a tiktok #nyfw #grwm #ootd #nyfw2022 #nycfashion ,#nyfw #grwm #ootd #nyfw2022 #nycfashion,9/8/2022,04/20/2023
https://www.tiktok.com/@hannaroslan0/video/7141344828771585286,hannaroslan0,769500,99800,269,462,Autumn outfits ü§ù me #fyp„Ç∑ #foryou #fyp #ootd #autumnfashion #aw2022,#fyp„Ç∑ #foryou #fyp #ootd #autumnfashion #aw2022,9/9/2022,04/20/2023
https://www.tiktok.com/@rachspeed/video/7141447089963257094,rachspeed,1900000,113500,643,82,what I would be wearing to nyfw ü§†‚ú® #ootd #thrift #fashiontiktok,#ootd #thrift #fashiontiktok,9/9/2022,04/20/2023
https://www.tiktok.com/@andrewwwwuwu/video/7141845911717645611,andrewwwwuwu,865500,193900,743,799,Fits of the week back to school edition!! Link for clothes and jewelry in bio #ootd #ootw #fits #fashion #style #asian #fyp #streetwear ,#ootd #ootw #fits #fashion #style #asian #fyp #streetwear,9/10/2022,04/20/2023
https://www.tiktok.com/@tenickab/video/7142119127065365803,tenickab,32800,3285,128,24,üíïüíïüíïüíï @patbo_brasil #nyfw #fashionweek,#nyfw #fashionweek,9/11/2022,04/20/2023
https://www.tiktok.com/@reneeadjoa/video/7142300067444067627,reneeadjoa,2000000,567500,4849,3726,üå± #foryou #fyp #ootd #nycnights ,#foryou #fyp #ootd #nycnights,9/12/2022,04/20/2023
https://www.tiktok.com/@emma.in.lace/video/7036920300902157574,emma.in.lace,18600000,3300000,25000,25900,Reply to @sm0lbunni Getting dressed in all my Victorian layers! #historicalfashion #victorian #cottagecore #fy #magic #grwm #getdressedwithme #fyp,#historicalfashion #victorian #cottagecore #fy #magic #grwm #getdressedwithme #fyp,12/2/2021,04/20/2023
https://www.tiktok.com/@treedfl/video/7041596723768347951,treedfl,8300000,1300000,3992,9912,#grwm to present in my one graduate class today #ootd #mensfashion #style #vintage #thrifting,#grwm #ootd #mensfashion #style #vintage #thrifting,12/14/2021,04/20/2023
https://www.tiktok.com/@gabeadams/video/7041633414646287663,gabeadams,4900000,537800,7076,8288,Blue baby üíôü¶ã #greenscreen #makeup #makeuptutorial #makeuproutine #grwm #fyp #onesizebeauty #viral @patrickstarrr @onesize,#greenscreen #makeup #makeuptutorial #makeuproutine #grwm #fyp #onesizebeauty #viral,12/14/2021,04/20/2023
https://www.tiktok.com/@by__amalia__/video/7044142659455241477,by__amalia__,477700,35400,117,90,Morning routine #morningroutine #grwm #mood,#morningroutine #grwm #mood,12/21/2021,04/20/2023
https://www.tiktok.com/@dee_melonie/video/7046020298117762350,dee_melonie,281500,22500,368,73,mini grwm üñ§ #curvy #grwm #fyp #foryoupage #ootn  #makeabunchhappen #plussizeedition,#curvy #grwm #fyp #foryoupage #ootn #makeabunchhappen #plussizeedition,12/26/2021,04/20/2023
https://www.tiktok.com/@tannerlikesstuff/video/7046174785704889605,tannerlikesstuff,311900,13300,173,60,fit of the day 20: stream edition #grwm #fitcheck #outfitideas #bigguyfashion #ootd  #MyPlayoffPicks #thrifted,#grwm #fitcheck #outfitideas #bigguyfashion #ootd #myplayoffpicks #thrifted,12/27/2021,04/20/2023
https://www.tiktok.com/@lookwhoshira/video/7047511586239696175,lookwhoshira,1000000,112000,439,378,GRWM: Lunch & Family Photos #hairstyle #desi #pakistani #tutorial #grwmroutine,#hairstyle #desi #pakistani #tutorial #grwmroutine,12/30/2021,04/20/2023
https://www.tiktok.com/@tay.m1235/video/7050492633889705262,tay.m1235,2700000,415700,2375,2006,Quick grwm for work :) #grwm #morningroutine #skincare #makeup,#grwm #morningroutine #skincare #makeup,1/7/2022,04/20/2023
https://www.tiktok.com/@_sexy.dinosaur_/video/7050643060425968943,_sexy.dinosaur_,15300000,3100000,30100,22300,GRWM üôÇ #DisneyPlusVoices #boostofhope #fyp„Ç∑ #EveryKiss #StepandFlex,#disneyplusvoices #boostofhope #fyp„Ç∑ #everykiss #stepandflex,1/8/2022,04/20/2023
https://www.tiktok.com/@jaegurley/video/7051407054237519150,jaegurley,9200000,1800000,4381,6113,Tonight‚Äôs look for free drinks & a meal on behalf of the patriarchy with the girls üíÖ#grwm #ootd #fashion #nyc Jumpsuit: @Nadine Merabi  üñ§,#grwm #ootd #fashion #nyc,1/10/2022,04/20/2023
https://www.tiktok.com/@bexcxmpbell/video/7051652670783851781,bexcxmpbell,467800,33600,168,89,GRWM date night ‚ú®,,1/10/2022,04/20/2023
https://www.tiktok.com/@jailene.fit/video/7051696532827131183,jailene.fit,3600000,484100,1714,13700,grwm gym edition üèãüèΩ‚Äç‚ôÄÔ∏è #fyp #foryou #gym #couple,#fyp #foryou #gym #couple,1/10/2022,04/20/2023
https://www.tiktok.com/@afashionnerd/video/7052412452268641582,afashionnerd,10100000,2000000,9893,30600,Ryder Bird picks out an outfit to wear to the Lake: ‚ÄúTwee Style‚Äù #twee #tweestyle #grwm,#twee #tweestyle #grwm,1/12/2022,04/20/2023
https://www.tiktok.com/@generationsae/video/7053132828892024110,generationsae,1100000,110100,549,284,"Hi, it‚Äôs been awhile ‚ò∫Ô∏è #abercrombie #mejuri #plussizeedition #plussizefashion #grwm_aesthetics #getdressedwithme",#abercrombie #mejuri #plussizeedition #plussizefashion #grwm_aesthetics #getdressedwithme,1/14/2022,04/20/2023
https://www.tiktok.com/@reba/video/7055734622843604271,reba,2600000,343300,8035,4314,"Get ready with me, tour edition!#GRWM #Reba #Glam #Fancy",#grwm #reba #glam #fancy,1/21/2022,04/20/2023
https://www.tiktok.com/@layallure/video/7146353978878463278,layallure,131500000,12800000,45000,62700,The ending always makes me laughüòÖ #asmrmakeup #viralmakeup #asmrskincare #makeup #makeuptutorial #grwm #satisfyingsounds #makeuproutine ,#asmrmakeup #viralmakeup #asmrskincare #makeup #makeuptutorial #grwm #satisfyingsounds #makeuproutine,9/22/2022,04/20/2023
https://www.tiktok.com/@jackie.mack/video/6738857119702863109,jackie.mack,50700000,4200000,13000,118600,Only the cleanest transitions #transition #outfit #clothes #makeup #style #foryoupage #foryou,#transition #outfit #clothes #makeup #style #foryoupage #foryou,9/20/2019,04/20/2023
https://www.tiktok.com/@lankylan/video/6840500841955265798,lankylan,31200000,5000000,50500,97200,(version 1) #slowwalk #style #fyp,#slowwalk #style #fyp,6/20/2020,04/20/2023
https://www.tiktok.com/@iconicakes/video/6896172209375677698,iconicakes,15600000,4000000,10200,5535,what aesthetic should I dress up in tomorrow? #outfits #style #gossipgirl #preppy #aesthetic,#outfits #style #gossipgirl #preppy #aesthetic,11/17/2020,04/20/2023
https://www.tiktok.com/@iconicakes/video/6897276172145642753,iconicakes,18800000,4700000,10300,10200,what should my aesthetic be for tomorrow? #aesthetic #outfit #darkacademia #style #makeup #day4,#aesthetic #outfit #darkacademia #style #makeup #day4,11/20/2020,04/20/2023
https://www.tiktok.com/@iconicakes/video/6898403158473723138,iconicakes,27900000,5800000,10700,6520,Reply to @annabelrdrs what celebrity should I embody tomorrow? #kendalljenner #style #outfit #makeup #hairdye,#kendalljenner #style #outfit #makeup #hairdye,11/23/2020,04/20/2023
https://www.tiktok.com/@richellezz/video/6921388006792301829,richellezz,20700000,4200000,104200,37100,I LOVE EM ALLü•≤ @ohpolly  #ad #dress #style,#ad #dress #style,1/24/2021,04/20/2023
https://www.tiktok.com/@thefashioncouple/video/6924760566653357317,thefashioncouple,23000000,4100000,15900,26900,Which show did we kill? Hats by @thebuckshat #fy #fashionshow #styleinspiration #foryou #viral #prada #versace #trending #frontrowtiktok #style,#fy #fashionshow #styleinspiration #foryou #viral #prada #versace #trending #frontrowtiktok #style,2/2/2021,04/20/2023
https://www.tiktok.com/@einfachminh/video/7059341527121693958,einfachminh,38100000,5500000,12800,76200,4 poses for non-photogenic people #part2 üí´ #fyp #foryoupage #fashion #foryou #style #pose,#part2 #fyp #foryoupage #fashion #foryou #style #pose,1/31/2022,04/20/2023
https://www.tiktok.com/@mmivia/video/7061936499343854874,mmivia,54200000,7600000,21300,47700,Reply to @arigato.risotto  what poses next? ü§≠ #nonphotogenic #poseideas #howtopose #fyp #dibaliklayar #tiktokfashion #indonesia #style #pose,#nonphotogenic #poseideas #howtopose #fyp #dibaliklayar #tiktokfashion #indonesia #style #pose,2/7/2022,04/20/2023
https://www.tiktok.com/@koltenkephart/video/7080274523022544171,koltenkephart,33600000,5100000,0,22000,it had to be done ‚ùå #SmellLikeIrishSpring #OscarsAtHome #UnsealTheMeal #WomenOwnedBusiness #InstaxChallenge #fyp #foryoupage #famous #celebrity #fashion #style #redcarpet #oscars #movie #actor,#smelllikeirishspring #oscarsathome #unsealthemeal #womenownedbusiness #instaxchallenge #fyp #foryoupage #famous #celebrity #fashion #style #redcarpet #oscars #movie #actor,3/28/2022,04/20/2023
https://www.tiktok.com/@larissa.appius/video/7104295411325635845,larissa.appius,37300000,4300000,11300,24100,How to style a black corset üñ§  #outfit #outfitideas #outfitinspo #outfitinspiration #suit #corset #corsettop  #fashion #fashioninspo #fashiontiktok #style #foryoupage #foryou #aesthetic #aesthetics  #oversized #trend #trending,#outfit #outfitideas #outfitinspo #outfitinspiration #suit #corset #corsettop #fashion #fashioninspo #fashiontiktok #style #foryoupage #foryou #aesthetic #aesthetics #oversized #trend #trending,6/1/2022,04/20/2023
https://www.tiktok.com/@monacoluxurylifestyle/video/7153210472660028678,monacoluxurylifestyle,49400000,4900000,11200,23500,Mom life in Monaco #millionaire #luxury #lifestyle #life #style #rich #money #monaco ,#millionaire #luxury #lifestyle #life #style #rich #money #monaco,10/11/2022,04/20/2023
https://www.tiktok.com/@jusst_tiktokss/video/7211619823854374149,jusst_tiktokss,20800000,4200000,18600,16100,#myopinion #70s#90s#vibes#techfleece #fashion#style#fyp#nostalgic #fyp#viral#style#aaliyah #fyp#tupac#elvis  #pricillapresley ,#myopinion #70s #90s #vibes #techfleece #fashion #style #fyp #nostalgic #fyp #viral #style #aaliyah #fyp #tupac #elvis #pricillapresley,3/17/2023,04/20/2023
https://www.tiktok.com/@haley_pavone/video/7215669690868387118,haley_pavone,25100000,4100000,18200,96700,Replying to @_natisworlddd its like 5k shoes in one üë†ü•ø #fyp #style #design #fashionhacks #erastourtips #storytime #womensfashion ,#fyp #style #design #fashionhacks #erastourtips #storytime #womensfashion,3/28/2023,04/20/2023
https://www.tiktok.com/@minging888/video/6849904897752698113,minging888,39000000,5000000,18900,263800,#fyp„Ç∑ #fyp #outfit #dogs #dogsoftiktok #puppy I choice my outfit ‚ò∫Ô∏è‚úåÔ∏è‚úåÔ∏è,#fyp„Ç∑ #fyp #outfit #dogs #dogsoftiktok #puppy,7/16/2020,04/20/2023
https://www.tiktok.com/@minging888/video/6881121438632267010,minging888,148100000,17700000,94600,1200000,#dogsoftiktok #dogs #puppy #fyp #outfit I alway choice my outfit‚úåÔ∏è‚úåÔ∏è‚úåÔ∏èü§£ü§£,#dogsoftiktok #dogs #puppy #fyp #outfit,10/8/2020,04/20/2023
https://www.tiktok.com/@dyl4n.10/video/6944325679051820293,dyl4n.10,26800000,4200000,28700,56700,Follow for more ü•∂ #viral #outfit #trend #match #fyp #foryoupage,#viral #outfit #trend #match #fyp #foryoupage,3/27/2021,04/20/2023
https://www.tiktok.com/@liisa.niiko/video/6947007648239766790,liisa.niiko,39400000,5600000,49800,136300,Outfit of the dayü•∂ #viral #outfit #trend #match #calvinklein #mcqueen,#viral #outfit #trend #match #calvinklein #mcqueen,4/3/2021,04/20/2023
https://www.tiktok.com/@itsxanthiaa/video/6993113843958418690,itsxanthiaa,53000000,7300000,43100,40800,Reply to @mollys_jolly_brolly I‚Äôm sad because this was the closest I have to the Pixar Mum fit üò≠üò≠ #pixarmum #outfit,#pixarmum #outfit,8/6/2021,04/20/2023
https://www.tiktok.com/@debowee/video/7013023290159582469,debowee,28400000,4900000,10000,30100,Like for part 3‚ú® #hairstyle #tutorial #viral #hair #outfit #fyp #foryou,#hairstyle #tutorial #viral #hair #outfit #fyp #foryou,9/28/2021,04/20/2023
https://www.tiktok.com/@kramzurc13/video/7109515306787360046,kramzurc13,51600000,7200000,56900,53400,#emo #outfit,#emo #outfit,6/15/2022,04/20/2023
https://www.tiktok.com/@the.navarose/video/6866193162168306949,the.navarose,10300000,2500000,9792,7326,Reply to @jegvetikkee just out here bedazzling happy meals wbu #tiktokfashion #mcdonalds #outfitideas,#tiktokfashion #mcdonalds #outfitideas,8/29/2020,04/20/2023
https://www.tiktok.com/@tamaradai/video/6915960795054492929,tamaradai,12700000,2700000,15500,4117,Reply to @alexgonzales_40 #fyp #outfitideas #fashion #style #outfitinspiration #hoteltransylvania,#fyp #outfitideas #fashion #style #outfitinspiration #hoteltransylvania,1/10/2021,04/20/2023
https://www.tiktok.com/@tamaradai/video/6918930404770663682,tamaradai,18000000,2800000,29500,18400,Reply to @jessymaus03 BLACKPINK HERE WE GO!! #blackpink #blackpinkofficial #fyp #style #fashion #outfitideas #outfitinspiration,#blackpink #blackpinkofficial #fyp #style #fashion #outfitideas #outfitinspiration,1/18/2021,04/20/2023
https://www.tiktok.com/@tamaradai/video/6922274540835900673,tamaradai,22800000,3500000,23100,15100,Reply to @vitavino.404 MASHA and The BEAR HERE WE GO!! #fyp #style #fashion #outfitideas #outfitinspiration #mashaandthebear,#fyp #style #fashion #outfitideas #outfitinspiration #mashaandthebear,1/27/2021,04/20/2023
https://www.tiktok.com/@noemie_juno/video/6954365999680392453,noemie_juno,12000000,2800000,12900,12400,The way it cut- #fit #soccermom #goodgirls #fy #episode #outfitideas,#fit #soccermom #goodgirls #fy #episode #outfitideas,4/23/2021,04/20/2023
https://www.tiktok.com/@jclaudettef/video/6955291137607306498,jclaudettef,13900000,2600000,12200,8183,What outfit should I do next? #fyp #fypph #tiktok #tiktokph #xyzcba #xyzbca #fyp„Ç∑ #foryou #foryouph #outfit #outfitideas #fashion #tiktokfashion #4u,#fyp #fypph #tiktok #tiktokph #xyzcba #xyzbca #fyp„Ç∑ #foryou #foryouph #outfit #outfitideas #fashion #tiktokfashion #4u,4/26/2021,04/20/2023
https://www.tiktok.com/@sh3gx/video/6958433043338054917,sh3gx,8500000,2400000,8692,6718,what comment do you get?  #darkwear #blackoutfit #tactical #outfitideas #kids #comments,#darkwear #blackoutfit #tactical #outfitideas #kids #comments,5/4/2021,04/20/2023
https://www.tiktok.com/@shilanshoko/video/7031411494051007750,shilanshoko,16000000,3200000,27500,43600,I‚Äôm feeling good #fyp #ootd #outfitideas #style,#fyp #ootd #outfitideas #style,11/17/2021,04/20/2023
https://www.tiktok.com/@crushpeach/video/7070141513812069678,crushpeach,14400000,2200000,9816,6626,Don‚Äôt let ur weight or shape define ur style.#outfitideas #appleshapebody #applebodytype #chubbygirl,#outfitideas #appleshapebody #applebodytype #chubbygirl,3/1/2022,04/20/2023
https://www.tiktok.com/@bobrownn/video/7104626888663993606,bobrownn,43500000,4800000,19700,29200,Best hack top create a tight top üëÄ Hit the + for daily #fashionhacks ü´∂üèª #outfitideas #stylinghacks #hacksoflife #tipsandtricks #fashiontip #fashioninspo,#fashionhacks #outfitideas #stylinghacks #hacksoflife #tipsandtricks #fashiontip #fashioninspo,6/2/2022,04/20/2023
https://www.tiktok.com/@larissa.appius/video/7134417071525399814,larissa.appius,16700000,2200000,7942,14200,How to style a orange outfit üß° #outfit #outfitideas #outfitinspo #outfitinspiration #blazer #foryoupage #foryou #fyp #fashion #fashioninspo #fashiontiktok #style #aesthetic #aesthetics #streetstyle #oversized #trend ,#outfit #outfitideas #outfitinspo #outfitinspiration #blazer #foryoupage #foryou #fyp #fashion #fashioninspo #fashiontiktok #style #aesthetic #aesthetics #streetstyle #oversized #trend,8/21/2022,04/20/2023
https://www.tiktok.com/@sheesh_grwm/video/7194852943709867306,sheesh_grwm,20200000,2500000,7508,7518,Clothes is important #outfitideas #outfitinspo #chubbyoutfit #chubbyoutfitideas #chubbygirloutfitideas ,#outfitideas #outfitinspo #chubbyoutfit #chubbyoutfitideas #chubbygirloutfitideas,1/31/2023,04/20/2023
https://www.tiktok.com/@ronhiree/video/7212632595920686341,ronhiree,15900000,2900000,4512,11000,First outfit ‚ú® #richman #money #richwoman #outfitideas #styleinspo #fashiontok #modelwalk #fyp #mostviralvideo #outfits ,#richman #money #richwoman #outfitideas #styleinspo #fashiontok #modelwalk #fyp #mostviralvideo #outfits,3/20/2023,04/20/2023
https://www.tiktok.com/@ronhiree/video/7213746183624215814,ronhiree,19400000,3600000,6265,8419,Georgina Rodriguez >>> #richman #money #richwoman #outfitideas #styleinspo #fashiontok #modelwalk #fyp #mostviralvideo #outfits ,#richman #money #richwoman #outfitideas #styleinspo #fashiontok #modelwalk #fyp #mostviralvideo #outfits,3/23/2023,04/20/2023
https://www.tiktok.com/@rio.tew/video/6836724424373275909,rio.tew,105600000,11000000,152600,313800,the pale man #art #artist #makeup #drawing #panslabyrinth #foryoupage #foryou #fyp,#art #artist #makeup #drawing #panslabyrinth #foryoupage #foryou #fyp,6/10/2020,04/20/2023
https://www.tiktok.com/@ellemenohp/video/6895969291384966402,ellemenohp,59400000,11400000,41500,36100,I swear if this flopsüò£ #fyp #foryoupage #foryou #tiktok #aussie #xyzcba #makeup #lmao #viral #GrowUpWithMe #FoodTikTok (@jamescharles),#fyp #foryoupage #foryou #tiktok #aussie #xyzcba #makeup #lmao #viral #growupwithme #foodtiktok,11/17/2020,04/20/2023
https://www.tiktok.com/@sergiocentenojackson/video/6931494638096305413,sergiocentenojackson,83200000,10900000,308800,680200,MICHAEL Jüòéüòú#michaeljackson #character #parati #makeup #viral #comedy #humor #omg #foru #fyp #foryou #scared #xyzbca #colombia #susto #funny #fail,#michaeljackson #character #parati #makeup #viral #comedy #humor #omg #foru #fyp #foryou #scared #xyzbca #colombia #susto #funny #fail,2/20/2021,04/20/2023
https://www.tiktok.com/@naomijon/video/6939553105851829510,naomijon,64400000,9800000,107400,15600,the difference between the lashes though üíÄ  ib @lenkalul @klaudiasyd #makeup,#makeup,3/14/2021,04/20/2023
https://www.tiktok.com/@mimiermakeup/video/6943673684880116997,mimiermakeup,117100000,17500000,64500,37200,Why do I do these things to myself #makeup #fyppagee #contour,#makeup #fyppagee #contour,3/25/2021,04/20/2023
https://www.tiktok.com/@lenkalul/video/6959951225651498246,lenkalul,56900000,11500000,33300,45200,should i do barbie or fairy next? üíÖüèºüßöüèº‚Äç‚ôÄÔ∏è ib: @hayleybuix <3 #bratz #makeup #makeuphacks #makeuptrends #fyp,#bratz #makeup #makeuphacks #makeuptrends #fyp,5/8/2021,04/20/2023
https://www.tiktok.com/@3_5_5_baby/video/7015357662594485531,3_5_5_baby,100900000,9800000,0,21700,#Êä§ËÇ§ #makeup #‡∏™‡πÑ‡∏ï‡∏•‡πå‡∏â‡∏±‡∏ô #‡∏õ‡∏±‡∏Å‡∏Å‡∏¥‡πà‡∏á,#Êä§ËÇ§ #makeup #‡∏™‡πÑ‡∏ï‡∏•‡πå‡∏â‡∏±‡∏ô #‡∏õ‡∏±‡∏Å‡∏Å‡∏¥‡πà‡∏á,10/4/2021,04/20/2023
https://www.tiktok.com/@voronina_valeria_/video/7027564715756801286,voronina_valeria_,152800000,13000000,70500,161000,Reply to @treanajones143 #makeup #makeuptransformation #sameperson #halfface #godisawoman,#makeup #makeuptransformation #sameperson #halfface #godisawoman,11/6/2021,04/20/2023
https://www.tiktok.com/@jananiselvaradj/video/7048721568062524678,jananiselvaradj,62400000,11000000,36600,40200,This one was hard to take off! ü•∫ #makeup #bodypaint #art #avantgardemakeup #trend #viral #fyp„Ç∑ #foryou,#makeup #bodypaint #art #avantgardemakeup #trend #viral #fyp„Ç∑ #foryou,1/2/2022,04/20/2023
https://www.tiktok.com/@mikaylanogueira/video/7075004746326641962,mikaylanogueira,61200000,12500000,59200,71400,WHEN IS THE ALBUM QUEEN #rihanna #makeup #beauty #fentybeauty,#rihanna #makeup #beauty #fentybeauty,3/14/2022,04/20/2023
https://www.tiktok.com/@mimles/video/7097959048515013894,mimles,170900000,15600000,83800,201200,Imagination is my reality. üí´ #makeup #mimles #facepaint #trippy #illusion #illusionmakeup #illusionart #fyp #fy #foryou #foryoupage #fineart #surreal #art #artist #tiktokart #painting #bizarre,#makeup #mimles #facepaint #trippy #illusion #illusionmakeup #illusionart #fyp #fy #foryou #foryoupage #fineart #surreal #art #artist #tiktokart #painting #bizarre,5/15/2022,04/20/2023
https://www.tiktok.com/@priscillagrihim/video/7120667483551321350,priscillagrihim,73500000,12200000,69600,101100,SHE‚ÄôS BACK ü™ëüìº #makeup #horror #fyp,#makeup #horror #fyp,7/15/2022,04/20/2023
https://www.tiktok.com/@mungbeaan/video/7125684912811691290,mungbeaan,57900000,12300000,36400,35800,Doe eye vs siren eye #makeup #fyp #xh #doeeyes #sireneyes,#makeup #fyp #xh #doeeyes #sireneyes,7/29/2022,04/20/2023
https://www.tiktok.com/@alicekingmakeup/video/7175984394950167813,alicekingmakeup,150300000,13000000,40800,142500,simple snowman eyeliner‚õÑÔ∏è #makeup #makeuptutorial #eyeliner #eyelinertutorial #makeupartist #makeuplook #tutorial #christmasmakeup #christmas ,#makeup #makeuptutorial #eyeliner #eyelinertutorial #makeupartist #makeuplook #tutorial #christmasmakeup #christmas,12/11/2022,04/20/2023
https://www.tiktok.com/@dollievision/video/7208244986666585386,dollievision,399400000,32300000,602300,438200,Makeup üíó‚ú® #melanin #fypage„Ç∑ #fyp #blacktiktok #makeup #darkskin #fyp„Ç∑ #makeupvideos #makeupvideos #makeuptutorial ,#melanin #fypage„Ç∑ #fyp #blacktiktok #makeup #darkskin #fyp„Ç∑ #makeupvideos #makeupvideos #makeuptutorial,3/8/2023,04/20/2023
https://www.tiktok.com/@atikhunk/video/7070936967042796846,atikhunk,865200,60400,202,1049,wanted to try this out #styling #fashiontiktok #mystyle #tiktokfashion #streetfashion,#styling #fashiontiktok #mystyle #tiktokfashion #streetfashion,3/3/2022,04/20/2023
https://www.tiktok.com/@iamdanawilliams/video/7071333669889133867,iamdanawilliams,1400000,31000,287,52,Got this top from Big Bud Press for Spring üíê #fashionforyou #fashiontiktok #styleinspo #ootd #springlook #springfashion,#fashionforyou #fashiontiktok #styleinspo #ootd #springlook #springfashion,3/4/2022,04/20/2023
https://www.tiktok.com/@ruesworldd/video/7071692877985828142,ruesworldd,1600000,179500,693,1609,So that applies to everyone but me?? Okay got it ü§ó #fyp #foryou #blacktikokers #fashiontiktok,#fyp #foryou #blacktikokers #fashiontiktok,3/5/2022,04/20/2023
https://www.tiktok.com/@jjang.e/video/7071725034976628014,jjang.e,531900,60800,447,646,I‚Äôm not wearing black todayüòÜ #fashionforyou #fashion #style #fashiontiktok #aesthetic #softboy,#fashionforyou #fashion #style #fashiontiktok #aesthetic #softboy,3/5/2022,04/20/2023
https://www.tiktok.com/@drewincolor/video/7073549985324748075,drewincolor,427700,52000,221,104,Why do I actually like skinny pause- #fyp #SchickAsks #fashiontiktok #fashiontips,#fyp #schickasks #fashiontiktok #fashiontips,3/10/2022,04/20/2023
https://www.tiktok.com/@coastalflicks/video/7073901276420967722,coastalflicks,1400000,104200,1057,1268,Outfit Starter Pack 101 #fyp #mensfashiontips #fashiontiktok #fashion #mensfashion,#fyp #mensfashiontips #fashiontiktok #fashion #mensfashion,3/11/2022,04/20/2023
https://www.tiktok.com/@vivacious.honey/video/7075022335450909998,vivacious.honey,5600000,667600,3100,2504,which style better suits you? ü§© OUTFITS ON MY LTK ‚ÄºÔ∏è #fyp #foryou #fashion #fashiontok #ootd #outfit #style #aesthetic #genz #millennial #inspo #genzvsmillenial,#fyp #foryou #fashion #fashiontok #ootd #outfit #style #aesthetic #genz #millennial #inspo #genzvsmillenial,3/14/2022,04/20/2023
https://www.tiktok.com/@drewjessup/video/7075387487228775726,drewjessup,947900,72700,506,1130,"Same clothes, new fit. Clothing details at the end ‚Äî #menswear #menstyle #vintageclothes #fashiontiktok #vintage #menshair #ootd #fyp #grwm",#menswear #menstyle #vintageclothes #fashiontiktok #vintage #menshair #ootd #fyp #grwm,3/15/2022,04/20/2023
https://www.tiktok.com/@stylingwithkenzie/video/7075482585169759530,stylingwithkenzie,608800,56700,951,283,"Styling plus size fashion! Filming this video was really special, thank you Annie üíò #plussizefashion #plussizefashiontips #plusizepositivity #stylingtips #styling #fashiontips #howtostyle #affordablefashion #fashiontiktok #bodypositivity #plussizestyle",#plussizefashion #plussizefashiontips #plusizepositivity #stylingtips #styling #fashiontips #howtostyle #affordablefashion #fashiontiktok #bodypositivity #plussizestyle,3/16/2022,04/20/2023
https://www.tiktok.com/@lifewithjazzzz/video/7075513240373038382,lifewithjazzzz,1100000,35300,186,327,4 tips for wearing jeans to the office [my IG caption elaborates much more on these tips!] / Outfit details linked in my bio & the LTK app #fyp #fashiontiktok #workwear #businesscasual #styletips,#fyp #fashiontiktok #workwear #businesscasual #styletips,3/16/2022,04/20/2023
https://www.tiktok.com/@holyjesssus/video/7075871890270604587,holyjesssus,123600,7520,90,38,no one: me: üòö #springfashion #fashionnovacurve #asos #plussizeedition #plussizefashion #curve #plussize #plussizestyle @FashionNovaCURVE @asos,#springfashion #fashionnovacurve #asos #plussizeedition #plussizefashion #curve #plussize #plussizestyle,3/17/2022,04/20/2023
https://www.tiktok.com/@linoya_friedman/video/7076919522439073025,linoya_friedman,13300000,2500000,11300,5887,Reply to @crumbedcutlet favorites? üòç #streetstyle #streetstylefashion #streetstyleinspo #melrose #lafashion #fashiontok #fashiontiktok #fashioninspo,#streetstyle #streetstylefashion #streetstyleinspo #melrose #lafashion #fashiontok #fashiontiktok #fashioninspo,3/19/2022,04/20/2023
https://www.tiktok.com/@sandysdigitaldiary/video/7077283283620482347,sandysdigitaldiary,2600000,428300,1102,1064,INVEST in closet staples #closetstaples #fashiontiktok #springfashion #ootd #fy,#closetstaples #fashiontiktok #springfashion #ootd #fy,3/20/2022,04/20/2023
https://www.tiktok.com/@nicholepz/video/7079556347468991786,nicholepz,1100000,120700,303,333,SO CUTEEE #fashiontiktok #amazonfinds #amazon #amazonmusthaves #amazonstorefront #amazonprime #amazonfavs #workoutsets #microinfluencer,#fashiontiktok #amazonfinds #amazon #amazonmusthaves #amazonstorefront #amazonprime #amazonfavs #workoutsets #microinfluencer,3/26/2022,04/20/2023
https://www.tiktok.com/@taylortiminskas/video/7079905067930799406,taylortiminskas,3200000,485000,861,622,let‚Äôs see who else shows up #oscars #oscars2022 #redcarpet #fashiontiktok #celebritystyle,#oscars #oscars2022 #redcarpet #fashiontiktok #celebritystyle,3/27/2022,04/20/2023
https://www.tiktok.com/@angelicahacks/video/7080196830889364778,angelicahacks,18900000,2400000,12100,38400,#oscars #maggiegyllenhaal #schiaparelli #fashiontiktok #redcarpet #academyawards,#oscars #maggiegyllenhaal #schiaparelli #fashiontiktok #redcarpet #academyawards,3/28/2022,04/20/2023
https://www.tiktok.com/@clarajaethomas/video/6800790256808414469,clarajaethomas,32500000,7200000,41900,156500,Never let someone take your yellowüíõ    #yellow #sad #aesthetic #cheater #breakup #carepackage #boxofsunshine #happy #keepgoing #staystrongchallenge,#yellow #sad #aesthetic #cheater #breakup #carepackage #boxofsunshine #happy #keepgoing #staystrongchallenge,3/5/2020,04/20/2023
https://www.tiktok.com/@ldcalligraphyco/video/6822453464858135813,ldcalligraphyco,66200000,6900000,37700,238000,Thanks for all the love!! ‚ô•Ô∏è #fyp #love #iloveyou #foryou #handwriting #lettering #aesthetic #mirrorchallenge,#fyp #love #iloveyou #foryou #handwriting #lettering #aesthetic #mirrorchallenge,5/3/2020,04/20/2023
https://www.tiktok.com/@_vickys_journal_tt/video/6860264729277943046,_vickys_journal_tt,42700000,7900000,28800,58100,üåπ follow my journal IG @_vickys_journal_  üå∫ü•∞ #minimalism #journaling #asmr #kawaii #scrapbook #satisfying #aesthetic #relaxingmusic #—Å–∫—Ä–∞–ø–±—É–∫–∏–Ω–≥,#minimalism #journaling #asmr #kawaii #scrapbook #satisfying #aesthetic #relaxingmusic #—Å–∫—Ä–∞–ø–±—É–∫–∏–Ω–≥,8/13/2020,04/20/2023
https://www.tiktok.com/@flinasday/video/6993791153187327238,flinasday,82600000,10700000,59600,47700,@miss_prostitutka antworten üíñüíñüíñ #fyp #aesthetic #asmr #scrapbooking #journaling #vintage #antique #creativejournal #pink,#fyp #aesthetic #asmr #scrapbooking #journaling #vintage #antique #creativejournal #pink,8/7/2021,04/20/2023
https://www.tiktok.com/@flinasday/video/7023332734135176453,flinasday,50700000,6500000,33400,27400,@bersabelera antworten Last page ‚ú®ü•§ #cocacola #fy #fyp #journaling #asmr #vintage #aesthetic #scrapbooking #stationery,#cocacola #fy #fyp #journaling #asmr #vintage #aesthetic #scrapbooking #stationery,10/26/2021,04/20/2023
https://www.tiktok.com/@cozzy.mina/video/7024898357097139461,cozzy.mina,76600000,13700000,224300,566500,Follow the pen until the end pls -tag someone #foryou #aesthetic #art #fyp„Ç∑ #pen #liner #artist #message #watchuntiltheend #fyppadang #gay #claimit #tagsomeome #fypage #salamdaribinjai #bule #fypind #viral @–Æ–ª–∏—è –ß–µ—Ä—Ç–∫–æ–≤–∞,#foryou #aesthetic #art #fyp„Ç∑ #pen #liner #artist #message #watchuntiltheend #fyppadang #gay #claimit #tagsomeome #fypage #salamdaribinjai #bule #fypind #viral,10/30/2021,04/20/2023
https://www.tiktok.com/@pinku_kiwi/video/7036788364586028293,pinku_kiwi,100800000,7500000,15600,14800,R√©pondre √† @bj.romanee you know what that means üòè #phone#phonecover#screenprotector#iphone13#asmr#telephone#kawaii#tech#pink#aesthetic#kawaiiasmr#cute #ios#imac#techreview,#phone #phonecover #screenprotector #iphone13 #asmr #telephone #kawaii #tech #pink #aesthetic #kawaiiasmr #cute #ios #imac #techreview,12/1/2021,04/20/2023
https://www.tiktok.com/@ovaksss/video/7064953142063959297,ovaksss,49400000,8900000,66700,172500,"—Å–æ–≤–ø–∞–ª–∏ –º–∞—Ä—à—Ä—É—Ç—ã –∏ –≤—Ä–µ–º—è, –∏ –¥–Ω–∏‚Ä¶ —Å–æ–≤—Å–µ–º –Ω–µ —Å–ª—É—á–∞–π–Ω–æ —Å—Ç–æ–ª–∫–Ω—É–ª–∏—Å—å –æ–Ω–∏ #piano #musician #aesthetic",#piano #musician #aesthetic,2/15/2022,04/20/2023
https://www.tiktok.com/@pinku_kiwi/video/7080154621997583621,pinku_kiwi,112200000,7100000,10700,37000,Keep a piece of your pet everywhere üêæ #phonecover#cathair#animals#iphone#asmr#phone#screenprotector#tech#ios#techreview#kawaii#pink#aesthetic#kawaiiasmr#iphone13,#phonecover #cathair #animals #iphone #asmr #phone #screenprotector #tech #ios #techreview #kawaii #pink #aesthetic #kawaiiasmr #iphone13,3/28/2022,04/20/2023
https://www.tiktok.com/@thebackr0oms/video/7081969634022264069,thebackr0oms,35700000,6800000,40500,36300,Backrooms x Dreamcore üîëüö™‚òÅÔ∏è #backrooms #dreamcore #aesthetic #liminalspaces #weirdcore,#backrooms #dreamcore #aesthetic #liminalspaces #weirdcore,4/2/2022,04/20/2023
https://www.tiktok.com/@sereinav/video/7112260980092063003,sereinav,58200000,8300000,35700,759600,#moon #night #aesthetic #fyp #Farlight84Smash,#moon #night #aesthetic #fyp #farlight84smash,6/23/2022,04/20/2023
https://www.tiktok.com/@kaelimaee/video/7118086870155971886,kaelimaee,51200000,6600000,22500,55500,time for another office refreshüïäüåøüñ• #fyp #foryoupage #aesthetic #thatgirl #satisfying #asmr #asmrsounds #office #cleantok #cleaning #organize #desksetup #home #decor #amazonfinds,#fyp #foryoupage #aesthetic #thatgirl #satisfying #asmr #asmrsounds #office #cleantok #cleaning #organize #desksetup #home #decor #amazonfinds,7/8/2022,04/20/2023
https://www.tiktok.com/@.susspiria/video/7173813524483820806,.susspiria,81700000,10300000,39700,28300,JOHN W. & PAUL H.„Ö§„Ö§„Ö§„Ö§„Ö§„Ö§„Ö§„Ö§„Ö§„Ö§„Ö§„Ö§ #johnwood #aesthetic #fallendown #susspiria #grunge #viral ,#johnwood #aesthetic #fallendown #susspiria #grunge #viral,12/5/2022,04/20/2023
https://www.tiktok.com/@relaxingdarkness/video/7190326060595137797,relaxingdarkness,37400000,6200000,13800,35000,"Headphones on, volume up! audio cr:@trendformusic #8daudio #aesthetic #bassboosted ",#8daudio #aesthetic #bassboosted,1/19/2023,04/20/2023
https://www.tiktok.com/@priyarajput_9/video/6823979381669563649,priyarajput_9,21300000,2000000,2271,31900,Ye kya ho gya@abhishek_soni321 @restykamboj @nehaabagga #jugaadiroommates #foryoupage #outfitinspiration #ghargharposhan #stayhome #safehands,#jugaadiroommates #foryoupage #outfitinspiration #ghargharposhan #stayhome #safehands,5/7/2020,04/20/2023
https://www.tiktok.com/@heidisomers/video/6899116985821465862,heidisomers,22500000,2300000,7410,15400,I turned a townhome into an HQ üíï #watchmegrow #outfitinspiration #homeimprovment #renovation #outfittransition,#watchmegrow #outfitinspiration #homeimprovment #renovation #outfittransition,11/25/2020,04/20/2023
https://www.tiktok.com/@tamaradai/video/6906310228547996929,tamaradai,11100000,2600000,21200,9468,Reply to @yourgirl_addy PEPPA PIG HERE WE GO!! #fyp #outfitidea #outfitinspiration #fashion #style #peppapig #peppa,#fyp #outfitidea #outfitinspiration #fashion #style #peppapig #peppa,12/15/2020,04/20/2023
https://www.tiktok.com/@tamaradai/video/6914134897527491842,tamaradai,11100000,2200000,20500,4201,Reply to @.aesthetic.gi MOANA HERE WE GO!! #fyp #outfitideas #style #moana #fashion #outfitinspiration,#fyp #outfitideas #style #moana #fashion #outfitinspiration,1/5/2021,04/20/2023
https://www.tiktok.com/@monte.oli/video/6925492404007046406,monte.oli,23200000,4300000,38700,57200,Dawaƒá mi wiosnƒô ≈ºebym mog≈Ça nosiƒá moje outfityüò° #dc #ootd #fyp #fashioninspo #softcore #outfitinspiration,#dc #ootd #fyp #fashioninspo #softcore #outfitinspiration,2/4/2021,04/20/2023
https://www.tiktok.com/@malcolmkelechi_/video/6942179091739102470,malcolmkelechi_,13900000,2900000,22000,12000,Which outfit do u like the most? #classof1999 #outfit #outfitinspiration,#classof1999 #outfit #outfitinspiration,3/21/2021,04/20/2023
https://www.tiktok.com/@nzilamiyoba/video/6985488714420079877,nzilamiyoba,16700000,2100000,134700,2508,#outfitinspiration#ootd#outfitinspo#foryoupage,#outfitinspiration #ootd #outfitinspo #foryoupage,7/16/2021,04/20/2023
https://www.tiktok.com/@tamaradai/video/6986523107867528475,tamaradai,24900000,2400000,14600,9221,Reply to @najja_nitra COCOMELON HERE WE GO!! #cocomelon #fyp„Ç∑ #outfitinspiration #fashion #fashiontransition,#cocomelon #fyp„Ç∑ #outfitinspiration #fashion #fashiontransition,7/19/2021,04/20/2023
https://www.tiktok.com/@tamaradai/video/7048070348872453402,tamaradai,33000000,4900000,15500,11400,Reply to @conny_12389 ENCANTO HERE WE GO!! #fyp #fashiontransition #fashion #outfitinspiration #encanto #disney #2022,#fyp #fashiontransition #fashion #outfitinspiration #encanto #disney #2022,1/1/2022,04/20/2023
https://www.tiktok.com/@tamaradai/video/7077433204503825690,tamaradai,16100000,2500000,5056,4201,Reply to @liadanlia AUNTY RICH CHECK ‚úåüèª#turningred #fyp #transition #outfitinspiration #fashiontransition #fashion #disney,#turningred #fyp #transition #outfitinspiration #fashiontransition #fashion #disney,3/21/2022,04/20/2023
https://www.tiktok.com/@onlyaubss/video/7117802450207116590,onlyaubss,11600000,2700000,10500,28300,shouldve shown the dress to someone before I bought it üôÉ #shrektok #shrekcosplay #outfitinspiration #orlandolife,#shrektok #shrekcosplay #outfitinspiration #orlandolife,7/8/2022,04/20/2023
https://www.tiktok.com/@shekouclothing/video/6877647038444555521,shekouclothing,34600000,1900000,9579,7754,Pinterest: ShekouClothing üñ§ #pinterest #pinterestgirl #pinterestoutfit #fashion #shekou #nzgirl #fashioninspo,#pinterest #pinterestgirl #pinterestoutfit #fashion #shekou #nzgirl #fashioninspo,9/28/2020,04/20/2023
https://www.tiktok.com/@vaed_va/video/6891667811727379717,vaed_va,25700000,3000000,4841,9513,Going with the flow that the fabric is giving me‚ú® #fashiontiktok #sustainablefashion #sewingtutorial #smallbusinessowner #fashioninspo,#fashiontiktok #sustainablefashion #sewingtutorial #smallbusinessowner #fashioninspo,11/5/2020,04/20/2023
https://www.tiktok.com/@the_hoodjabi_/video/6916632012740775173,the_hoodjabi_,19100000,3200000,34600,28500,üå∂ #fyp #foryou #hijabitiktok #muslim #moroccan #fashioninspo #fashion101 #xyzbca,#fyp #foryou #hijabitiktok #muslim #moroccan #fashioninspo #fashion101 #xyzbca,1/11/2021,04/20/2023
https://www.tiktok.com/@the_hoodjabi_/video/6973759578848759046,the_hoodjabi_,10700000,2400000,17000,28800,who‚Äôs we?!? #muslim #hijabitiktok #adultswim #fashioninspo #moroccan #as #bump,#muslim #hijabitiktok #adultswim #fashioninspo #moroccan #as #bump,6/14/2021,04/20/2023
https://www.tiktok.com/@andreapaolall/video/7043984063958404358,andreapaolall,47400000,8800000,70200,38200,She‚Äôs known as the girl that wears pink #university #fashiontiktok #fashioninspo #fashionedit @kayleighlush,#university #fashiontiktok #fashioninspo #fashionedit,12/21/2021,04/20/2023
https://www.tiktok.com/@jazmin.notjasmine/video/7058336982031912239,jazmin.notjasmine,49400000,8300000,58800,164300,stop scrolling and appreciate my dad‚Äôs RANGE #dadshoes #styletips #trendsetter #shoecheck #fitcheck #fashioninspo,#dadshoes #styletips #trendsetter #shoecheck #fitcheck #fashioninspo,1/28/2022,04/20/2023
https://www.tiktok.com/@willow.loves.clothes/video/7086234124603657473,willow.loves.clothes,10000000,2100000,20600,4696,people always say these are unrealistic so i hope this one is better! ü§ç #fashioninspo #pinterest #coquette #ootd #fyp #foryou #satire,#fashioninspo #pinterest #coquette #ootd #fyp #foryou #satire,4/13/2022,04/20/2023
https://www.tiktok.com/@maggielovesfashion/video/7093415042074381569,maggielovesfashion,7400000,2100000,20700,14000,dissapointed. #metgala #metgala2022 #gildedglamour #fashion #fashiontiktok #fashioninspo  #kyliejenner #kendalljenner #kimkardashian #khloekardashian #kourtneykardashian #krisjenner #metgalastyle #model #fashiondesigner #OscarsAtHome,#metgala #metgala2022 #gildedglamour #fashion #fashiontiktok #fashioninspo #kyliejenner #kendalljenner #kimkardashian #khloekardashian #kourtneykardashian #krisjenner #metgalastyle #model #fashiondesigner #oscarsathome,5/3/2022,04/20/2023
https://www.tiktok.com/@noahaltink/video/7110892510075047173,noahaltink,41700000,3200000,6970,17100,How to tie your hoodie properly ü§üüèª Hit the + for daily #fashionhacks ‚úÖ #fashioninspo #tipsandtricks #stylingtips #stylinghacks #hoodies,#fashionhacks #fashioninspo #tipsandtricks #stylingtips #stylinghacks #hoodies,6/19/2022,04/20/2023
https://www.tiktok.com/@studnioo/video/7143225802061057285,studnioo,26800000,3600000,7723,13700,Replying to @Vincent Huynh Ralph Lauren>>> #ralph #lauren #ralphlauren #polo #fyp #foryou #foryoupage #fashio #fashion #fashiontiktok #fashioninspo #fashionweek #fashiontok,#ralph #lauren #ralphlauren #polo #fyp #foryou #foryoupage #fashio #fashion #fashiontiktok #fashioninspo #fashionweek #fashiontok,9/14/2022,04/20/2023
https://www.tiktok.com/@allie.provost/video/6921768870785142021,allie.provost,8800000,2200000,30900,137000,#stitch with @tabithalipkin reporting live from my tiny new york apartment #newsanchor #nycapartment #fashiontok #fyp #foryoupage,#stitch #newsanchor #nycapartment #fashiontok #fyp #foryoupage,1/25/2021,04/20/2023
https://www.tiktok.com/@kjbelll/video/6981842945314000134,kjbelll,11700000,2500000,218500,127800,part one <3 #fashion #fashiontok #fashionweek #aesthetic #pinterest #zodiacs #astrology #foryoupage #fyp #foru #fyp„Ç∑ #bookworm #gymtok #foryou #fypp,#fashion #fashiontok #fashionweek #aesthetic #pinterest #zodiacs #astrology #foryoupage #fyp #foru #fyp„Ç∑ #bookworm #gymtok #foryou #fypp,7/6/2021,04/20/2023
https://www.tiktok.com/@pairofkingspod/video/7002423439621459205,pairofkingspod,12300000,2400000,6629,19900,#stitch with @tsukislice eBay in a nutshell #fashion #fashiontok #lowball #fyp #foryou #ebay #steal,#stitch #fashion #fashiontok #lowball #fyp #foryou #ebay #steal,8/31/2021,04/20/2023
https://www.tiktok.com/@thefashioncouple/video/7051695636181257477,thefashioncouple,15500000,2900000,18800,51000,Pleading guilty üòÖ What do you think ?? IG Thefashioncoupleofficial_ #foryou #tfc #couple #fashiontok,#foryou #tfc #couple #fashiontok,1/10/2022,04/20/2023
https://www.tiktok.com/@samanthamoweryxx/video/7093546867522522414,samanthamoweryxx,12300000,2400000,5951,4581,what? i‚Äôm ready ‚≠êÔ∏èüôÑ #fashiontok #2000s #y2kfashion #ootd #outfit,#fashiontok #2000s #y2kfashion #ootd #outfit,5/3/2022,04/20/2023
https://www.tiktok.com/@modelhommes/video/7192107141929372955,modelhommes,17300000,3200000,2918,4003,luckiest five year old alive. #alexcunha üáßüá∑ closing smalto s/s 2012. (#fyp #fashiontok #modeltok #modeling #runway),#alexcunha #fyp #fashiontok #modeltok #modeling #runway,1/24/2023,04/20/2023
https://www.tiktok.com/@fonthesecond/video/7194437323617012997,fonthesecond,10800000,2500000,9363,3953,#fyp #relatable #dress #fashion #fashiontok #relatablefashionista ,#fyp #relatable #dress #fashion #fashiontok #relatablefashionista,1/30/2023,04/20/2023
https://www.tiktok.com/@ronhiree/video/7194449587266948357,ronhiree,34500000,7100000,13600,7538,First outfit ‚ú® #stylist #outfitinspo #fashiontok #backtoblack #fyp #mostviralvideo #catwalk #modelwalk #catwalkchallenge ,#stylist #outfitinspo #fashiontok #backtoblack #fyp #mostviralvideo #catwalk #modelwalk #catwalkchallenge,1/30/2023,04/20/2023
https://www.tiktok.com/@ronhiree/video/7197797740846271750,ronhiree,16700000,2900000,4173,3448,First outfit ‚ú® #stylist #outfits #fashiontok #fyp #mostviralvideo #modelwalk #catwalkchallenge #styleinspo #backtoblack #catwalk ,#stylist #outfits #fashiontok #fyp #mostviralvideo #modelwalk #catwalkchallenge #styleinspo #backtoblack #catwalk,2/8/2023,04/20/2023
https://www.tiktok.com/@formulate/video/7208785969439313194,formulate,11100000,2600000,4186,3062,"Yes, this actually happened and she was the sweetest customer‚ù§Ô∏è hope she sees this #vintage #vintagefashion #fashion #fashiontok #70sfashion #70s #bellbottoms #foryoupage #foryou #fyp #viral",#vintage #vintagefashion #fashion #fashiontok #70sfashion #70s #bellbottoms #foryoupage #foryou #fyp #viral,3/10/2023,04/20/2023
https://www.tiktok.com/@levis/video/7090577487574437162,levis,0,0,1738,0,@Ruesworldd is ‚ú®fashionably late‚ú® in the new Fresh collection #OutfitInspo #liveinlevis,#outfitinspo #liveinlevis,4/25/2022,04/20/2023
https://www.tiktok.com/@blogilates/video/7090977625216208170,blogilates,0,0,550,0,Omg should I send one to that girl on the treadmill!??! @popflexactive popflexactive.com #sportsbra #fitnessgirl #braproblems #outfitinspo,#sportsbra #fitnessgirl #braproblems #outfitinspo,4/26/2022,04/20/2023
https://www.tiktok.com/@exercisewithextrafries/video/7091090890998959402,exercisewithextrafries,0,0,126,0,Embarrassing awkward moment at Revolve Festival 2019 @Michael Costello #coachella #revolvefestival #livemusic #outfitinspo,#coachella #revolvefestival #livemusic #outfitinspo,4/27/2022,04/20/2023
https://www.tiktok.com/@finefashun/video/7091798680667311366,finefashun,0,0,17400,0,TYSM FOR 37k OMLLLL ILYG SMMM #fyp„Ç∑ #outfitinspo #coquette #brandy #brandymelville #satire  #fashiontok2022 #pinterest #styling #whatiworetoday #whatiwearinaday #whatiworetodayrealistic #outfitfortoday #springfits2022 #fy #fyp #fypage #foryou #brandyoutfit #fitinspo,#fyp„Ç∑ #outfitinspo #coquette #brandy #brandymelville #satire #fashiontok2022 #pinterest #styling #whatiworetoday #whatiwearinaday #whatiworetodayrealistic #outfitfortoday #springfits2022 #fy #fyp #fypage #foryou #brandyoutfit #fitinspo,4/28/2022,04/20/2023
https://www.tiktok.com/@bec_see/video/7091802252280630529,bec_see,0,0,867,0,We love options #fashiontiktok #grwm #outfitideas #outfitinspo #grwm_aesthetics #fashiontok #fyp #fyp„Ç∑ #helpme #ootd,#fashiontiktok #grwm #outfitideas #outfitinspo #grwm_aesthetics #fashiontok #fyp #fyp„Ç∑ #helpme #ootd,4/28/2022,04/20/2023
https://www.tiktok.com/@takingontarget/video/7092863515773439278,takingontarget,0,0,171,0,fun outfit idea for the summer! I love the white oversized shirt look! üíõ #target #targetfinds #outfitidea  #outfitinspo #outfitideas #targetrun #targetstore #targetmusthaves,#target #targetfinds #outfitidea #outfitinspo #outfitideas #targetrun #targetstore #targetmusthaves,5/1/2022,04/20/2023
https://www.tiktok.com/@lina.noory/video/7092889323334274347,lina.noory,0,0,198,0,TAG someone who‚Äôd love this #fashionhack ‚Ä¢ #fyp #ootd #grwm #fashiontiktok #fashionhacks #fashion #outfitinspo #fashionforyou #styling #fitcheck #howto #foryourpage #styletips,#fashionhack #fyp #ootd #grwm #fashiontiktok #fashionhacks #fashion #outfitinspo #fashionforyou #styling #fitcheck #howto #foryourpage #styletips,5/1/2022,04/20/2023
https://www.tiktok.com/@luathebrazilianone/video/7096641348110929198,luathebrazilianone,0,0,1287,0,@peanutbuttercollection All of these are so pretty idk what to do #suit #prom #outfitinspo #nonbinary #genderfluid #lgbtq,#suit #prom #outfitinspo #nonbinary #genderfluid #lgbtq,5/12/2022,04/20/2023
https://www.tiktok.com/@outfit.flair/video/7098105277483863342,outfit.flair,0,0,36100,0,the last style is my favorite! // #foryoupage #fyp„Ç∑„Çöviral #outfitinspo #outfitideas #outfits #style #whichonewouldyoupick #whichstylesuitsyou #haul #outfitinspiration,#foryoupage #fyp„Ç∑„Çöviral #outfitinspo #outfitideas #outfits #style #whichonewouldyoupick #whichstylesuitsyou #haul #outfitinspiration,5/15/2022,04/20/2023
https://www.tiktok.com/@carolinafreixa/video/7099105476499164462,carolinafreixa,0,0,854,0,If you don‚Äôt dress up for TJ‚ÄôS what are you doing?ü§∑‚Äç‚ôÄÔ∏è #grwm #traderjoes #outfitinspo #summeroutfit #runway,#grwm #traderjoes #outfitinspo #summeroutfit #runway,5/18/2022,04/20/2023
https://www.tiktok.com/@myhia_ariose/video/7100079348983614766,myhia_ariose,0,0,1937,0,Beginning to feel ok with my mom pouch üòÇ #sheinhaul #shein #cute #fashion #outfitinspo #greenscreen #fyp #ootd #FrunktheBeat #katespadenycabana #modeling,#sheinhaul #shein #cute #fashion #outfitinspo #greenscreen #fyp #ootd #frunkthebeat #katespadenycabana #modeling,5/21/2022,04/20/2023
https://www.tiktok.com/@carolinafreixa/video/7102800334388514094,carolinafreixa,0,0,482,0,Comes in so many colors!!! #amazonfinds #summerfashion #outfitinspo #amazonfashion,#amazonfinds #summerfashion #outfitinspo #amazonfashion,5/28/2022,04/20/2023
https://www.tiktok.com/@anaalvarez/video/7102815563876994347,anaalvarez,0,0,216,0,This top üñ§ü´∂ #OOTD #outfitinspo #recreatingoutfits #kourtneykardashianoutfits #closetstaples #amazonfinds #grwm #getdressedwithme #summeroutfit #ootn #goingoutoutfit #amazonfashion,#ootd #outfitinspo #recreatingoutfits #kourtneykardashianoutfits #closetstaples #amazonfinds #grwm #getdressedwithme #summeroutfit #ootn #goingoutoutfit #amazonfashion,5/28/2022,04/20/2023
https://www.tiktok.com/@jodeci/video/7104344861251521838,jodeci,0,0,334,0,Which fit is your #outfitinspo ?üî• #Jodeci,#outfitinspo #jodeci,6/1/2022,04/20/2023
https://www.tiktok.com/@jamesbrown/video/7105041321483603243,jamesbrown,0,0,14,0,"James Brown knew how to bring the funk with fashion! With bright suits and extravagant patterns, he became inspired entertainers across the world. #OutfitInspo",#outfitinspo,6/3/2022,04/20/2023
https://www.tiktok.com/@barrywhite/video/7105071363794193710,barrywhite,0,0,6,0,Barry White giving us some serious #outfitinspo üß° #LiveMusic #musictok #fyp,#outfitinspo #livemusic #musictok #fyp,6/3/2022,04/20/2023
https://www.tiktok.com/@thrift.mitch/video/7056909261011488006,thrift.mitch,959400,116600,2781,601,Reply to @fabiann.reyes this might be my favourite look yet ‚úåÔ∏è #fyp #thrifted #thrifting #thrift #vintage #corduroy #outfit #styling,#fyp #thrifted #thrifting #thrift #vintage #corduroy #outfit #styling,1/24/2022,04/20/2023
https://www.tiktok.com/@hottopic/video/7057998481428041007,hottopic,1300000,27600,120,24,how to style band tees in the winter ‚ùÑÔ∏è #hottopic #bandtees #arianagrande #styling,#hottopic #bandtees #arianagrande #styling,1/27/2022,04/20/2023
https://www.tiktok.com/@sierracannon/video/7058732995385265454,sierracannon,724400,129500,170,281,Not exact but similar! #fashion #styling #90sfashion #90srunway #runwaymodel #90s #greenscreen,#fashion #styling #90sfashion #90srunway #runwaymodel #90s #greenscreen,1/29/2022,04/20/2023
https://www.tiktok.com/@kandace.banks/video/7059167131392462126,kandace.banks,1100000,181500,1396,903,season 1 finale: CHANGES #thankskandacebanks #fashiontiktok #styling,#thankskandacebanks #fashiontiktok #styling,1/31/2022,04/20/2023
https://www.tiktok.com/@austin_lowen/video/7059170610219420934,austin_lowen,592000,93100,1102,762,styling my girlfriend! which outfit was your favourite? (@makayla.hobson) #fashion #thrifted #vintage #styling #baggyfits,#fashion #thrifted #vintage #styling #baggyfits,1/31/2022,04/20/2023
https://www.tiktok.com/@lifeofyess/video/7060602914498448686,lifeofyess,312500,35600,201,527,Don‚Äôt forget to like and follow #fashion #badbunnyconcert #badbunnypr #badbunny #outfit #fashion #styling #style,#fashion #badbunnyconcert #badbunnypr #badbunny #outfit #fashion #styling #style,2/3/2022,04/20/2023
https://www.tiktok.com/@l0velyastrid/video/7061026627026717999,l0velyastrid,796500,148400,979,368,My fav is Fridaysüíå #brandymelville #ootd #whatiworethisweek #styling #viral #trending #outfits #coquette #fyp #oldmoney #lanadelrey #pinterest #fyp„Ç∑,#brandymelville #ootd #whatiworethisweek #styling #viral #trending #outfits #coquette #fyp #oldmoney #lanadelrey #pinterest #fyp„Ç∑,2/5/2022,04/20/2023
https://www.tiktok.com/@itsjakeflemm/video/7062145164814437678,itsjakeflemm,361600,46800,81,66,he‚Äôs going to push me out of the spotlight #fyp #fashion #style #ootd #outfitinspo #styling #outfits,#fyp #fashion #style #ootd #outfitinspo #styling #outfits,2/8/2022,04/20/2023
https://www.tiktok.com/@carlarockmore/video/7062462214485151022,carlarockmore,870900,91900,773,573,"Same skirt, different cities! #fashionweek #fashiontiktok #styleinspo #gucci #fashion #fashioninspo #ootd #styletips #styling #overfiftyfashion",#fashionweek #fashiontiktok #styleinspo #gucci #fashion #fashioninspo #ootd #styletips #styling #overfiftyfashion,2/8/2022,04/20/2023
https://www.tiktok.com/@lilrotini/video/7066140476520303918,lilrotini,11800000,2600000,10300,8298,Reply to @megsubi i look so trashy #styling,#styling,2/18/2022,04/20/2023
https://www.tiktok.com/@ashleymcbrydemusic/video/7068037910724955439,ashleymcbrydemusic,509200,26400,197,156,#HowTo decide what to wear when you‚Äôre on the road‚Ä¶ #Styling #BusLife #Spanx,#howto #styling #buslife #spanx,2/23/2022,04/20/2023
https://www.tiktok.com/@rag.report/video/7068070775693167918,rag.report,86500,1784,98,77,you absolutely need to know @marsculp (they/them) if you don‚Äôt already! üåü #fashionforyou #tiktokfashion #fashion #styling,#fashionforyou #tiktokfashion #fashion #styling,2/24/2022,04/20/2023
https://www.tiktok.com/@gq/video/7068293643928456495,gq,2300000,30700,303,252,Presenting GQ's #3fits1min challenge. Can you fit 3 huge fits in to 1min? üèÅ #GQ #FitCheck #FashionForYou #Styling #GQMagazine #GQFitCheck,#3fits1min #gq #fitcheck #fashionforyou #styling #gqmagazine #gqfitcheck,2/24/2022,04/20/2023
https://www.tiktok.com/@gq/video/7068358254329367855,gq,331700,9206,208,166,@justn gives GQ's #3fits1min challenge a try. Use our sound and throw on your 3 biggest fits in 1 min #GQ #FitCheck #FashionForYou #Styling,#3fits1min #gq #fitcheck #fashionforyou #styling,2/24/2022,04/20/2023
